Level1,Level2,Level3,Level4,Level5,Level6,Level7,Level8,Level9,Level10,Level11,Level12
Inferno Cop,Inferno Cop: Fact Files,,,,,,,,,,
,Inferno Cop 2nd Season,,,,,,,,,,
,Inferno Cop Specials,,,,,,,,,,
Mobile Suit Gundam,Mokei Senshi Gunpla Builders Beginning G,Gundam Build Fighters,Gundam Build Fighters Specials,,,,,,,,
,,,Gundam Build Fighters: Battlogue,Gundam Build Fighters Try,Gundam Build Fighters Try: Island Wars,,,,,,
,,,Gundam Build Fighters: GM no Gyakushuu,,,,,,,,
,,,Gundam Build Divers Prologue,Gundam Build Divers,Gundam Build Divers Re:Rise,Gundam Build Divers Re:Rise 2nd Season,,,,,
,SD Gundam Sangokuden Brave Battle Warriors,Chou Deneiban SD Gundam Sangokuden Brave Battle Warriors,,,,,,,,,
,,SD Gundam World: Sangoku Souketsuden,,,,,,,,,
,Mobile Suit Gundam MS IGLOO: The Hidden One Year War,Mobile Suit Gundam MS IGLOO: Apocalypse 0079,Mobile Suit Gundam MS IGLOO 2: Gravity of the Battlefront,,,,,,,,
,Mobile Suit Gundam Thunderbolt,Mobile Suit Gundam Thunderbolt 2nd Season,,,,,,,,,
,,Mobile Suit Gundam Thunderbolt: December Sky,Mobile Suit Gundam Thunderbolt: Bandit Flower,,,,,,,,
,After War Gundam X,,,,,,,,,,
,All That Gundam,,,,,,,,,,
,SD Gundam Force,,,,,,,,,,
,Ring of Gundam,,,,,,,,,,
,Gundam Evolve,,,,,,,,,,
,Le tru,,,,,,,,,,
,Mobile Fighter G Gundam,,,,,,,,,,
,Mobile Suit Gundam: The Origin,Mobile Suit Gundam: The Origin - Advent of the Red Comet,,,,,,,,,
,Mobile Suit Gundam AGE,Mobile Suit Gundam AGE: Memory of Eden,,,,,,,,,
,Mobile Suit Gundam: Zeonic Front - Indignation of Zeon.,,,,,,,,,,
,Mobile Suit Gundam I,Mobile Suit Gundam II: Soldiers of Sorrow,Mobile Suit Gundam III: Encounters in Space,,,,,,,,
,Mobile Suit Zeta Gundam: A New Translation - Heir to the Stars,Mobile Suit Zeta Gundam: A New Translation II - Lovers,Mobile Suit Zeta Gundam: A New Translation III - Love Is the Pulse of the Stars,,,,,,,,
,Mobile Suit Zeta Gundam,Gundam Neo Experience 0087: Green Divers,,,,,,,,,
,,Mobile Suit Gundam ZZ,Mobile Suit Gundam ZZ: Gundam Frag.,,,,,,,,
,,,Mobile Suit Gundam: Char's Counterattack,Mobile Suit Gundam Unicorn RE:0096,,,,,,,
,,,,Mobile Suit Gundam Unicorn,Mobile Suit Gundam Unicorn: Episode EX - 100 Years of Solitude,,,,,,
,,,,,Mobile Suit Gundam Unicorn: One of Seventy Two,,,,,,
,,,,,Mobile Suit Gundam UC Perfectibility,,,,,,
,,,,,Mobile Suit Gundam NT,Mobile Suit Gundam: Hathaway's Flash,Mobile Suit Gundam: Hathaway's Flash 2,Mobile Suit Gundam: Hathaway's Flash 3,,,
,,,,,Mobile Suit Gundam: Twilight Axis,Mobile Suit Gundam: Twilight Axis - Akaki Zan-ei,Mobile Suit Gundam F91,Mobile Suit Victory Gundam,Turn A Gundam,Turn A Gundam I Movie: Earth Light,Turn A Gundam II Movie: Moonlight Butterfly
,,,,,,,,,Gundam: G no Reconguista,Gundam: G no Reconguista - From the Past to the Future,
,,,,,,,,,,Mobile Suit Gakuen: G-Reco Koushien,Mobile Suit Gakuen: Kaette Kita G-Reco Koushien
,,,,,,,,,,Gundam: G no Reconguista Movie,Gundam: G no Reconguista Movie II - Bellri Gekishin
,,,"Akai Shouzou: Char, Soshite Frontal e",,,,,,,,
,Gundam: Mission to the Rise,,,,,,,,,,
,The Impression of First Gundam,,,,,,,,,,
,Mobile Suit Gundam: Iron-Blooded Orphans,Mobile Suit Gundam: Iron-Blooded Orphans 2nd Season,,,,,,,,,
,,Mobile Suit Gundam: Iron-Blooded Orphans - Urðr Hunt,,,,,,,,,
,Mobile Suit Gundam 0080: War in the Pocket,Mobile Suit Gundam: The 08th MS Team,Mobile Suit Gundam: More Information on the Universal Century,,,,,,,,
,,,Mobile Suit Gundam: The 08th MS Team - A Battle with the Third Dimension,,,,,,,,
,,,Mobile Suit Gundam: The 08th MS Team - Miller's Report,,,,,,,,
,,,Mobile Suit Gundam 0083: Stardust Memory,Mobile Suit Gundam 0083: The Fading Light of Zeon,,,,,,,
,,,,Mobile Suit Gundam 0083: Stardust Memory - The Mayfly of Space,Mobile Suit Gundam 0083: Stardust Memory Picture Drama - The Mayfly of Space 2,,,,,,
,Mobile Suit SD Gundam Mk I,Mobile Suit SD Gundam's Counterattack,,,,,,,,,
,,"Mobile Suit SD Gundam Musha, Knight, Commando",,,,,,,,,
,,Mobile Suit SD Gundam Festival,,,,,,,,,
,,Many Things SD Gundam,,,,,,,,,
,,Mobile Suit SD Gundam Mk II,Mobile Suit SD Gundam Mk III,Mobile Suit SD Gundam Mk IV,Mobile Suit SD Gundam Mk V,,,,,,
,Mobile Suit Gundam SEED,Mobile Suit Gundam SEED MSV Astray,,,,,,,,,
,,Mobile Suit Gundam SEED Special Edition,,,,,,,,,
,,Mobile Suit Gundam SEED: SEED Supernova - Tanekyara Gekijou,,,,,,,,,
,,Mobile Suit Gundam SEED: After-Phase Between the Stars,Mobile Suit Gundam SEED Destiny,Mobile Suit Gundam SEED C.E.73: Stargazer,,,,,,,
,,,,Mobile Suit Gundam SEED Destiny Special Edition,,,,,,,
,,,,Mobile Suit Gundam SEED Destiny Final Plus: The Chosen Future,,,,,,,
,Mobile Suit Gundam Special Eizou - Hikaru Inochi Chronicle U.C.,,,,,,,,,,
,30th Gundam Perfect Mission,,,,,,,,,,
,Mobile Suit Gundam-san,Mobile Suit Gundam-san: Bouya Dakara sa,,,,,,,,,
,,Kotowaza Gundam-san,,,,,,,,,
,,Mobile Suit Gundam-san (ONA),,,,,,,,,
,,Mobile Suit Gundam-san: Hiyoko Days - Suisei Hiyoko to Fushigi na Ofuda,,,,,,,,,
,Mobile Suit Gundam Wing,SD Gundam Gaiden,,,,,,,,,
,,Mobile Suit Gundam Wing: Endless Waltz,,,,,,,,,
,,Mobile Suit Gundam Wing: Endless Waltz Movie,,,,,,,,,
,,Mobile Suit Gundam Wing: Operation Meteor,,,,,,,,,
,,New Mobile Report Gundam Wing: Frozen Teardrop Picture Drama - Aratanaru Tatakai,,,,,,,,,
,Mobile Suit Gundam 00,Mobile Suit Gundam 00 Second Season,Mobile Suit Gundam 00 The Movie: A Wakening of the Trailblazer,,,,,,,,
,,Mobile Suit Gundam 00 Special Edition,,,,,,,,,
,,Mobile Suit Gundam 00: Tenshitachi no Kiseki,,,,,,,,,
,Gundam vs Hello Kitty,,,,,,,,,,
The?Ultraman,Ultraman,Ultraman 2,,,,,,,,,
,Ultraman USA,,,,,,,,,,
,Ultraman M78 Gekijou: Love and Peace,Ultraman Kids no Kotowaza Monogatari,,,,,,,,,
,,Ultraman Kids: M7.8 Sei no Yukai na Nakama,,,,,,,,,
,,Ultraman Kids: Haha wo Tazunete 3000-man Kounen,,,,,,,,,
,,Ultraman Graffiti,,,,,,,,,
,Ultraman: Chou Toushi Gekiden - Suisei Senjin Tsuifon Toujou,,,,,,,,,,
Neon Genesis Evangelion,Evangelion: 1.0 You Are (Not) Alone,Evangelion: 2.0 You Can (Not) Advance,Evangelion: 3.0 You Can (Not) Redo,Evangelion: 3.0+1.0,,,,,,,
,Evangelion: Another Impact (VR),,,,,,,,,,
,Neon Genesis Evangelion: The End of Evangelion,,,,,,,,,,
,Petit Eva: Evangelion@School,,,,,,,,,,
,Neon Genesis Evangelion: Death & Rebirth,,,,,,,,,,
Ryuu no Haisha,,,,,,,,,,,
Kill la Kill,Kill la Kill Specials ,,,,,,,,,,
Little Witch Academia,Little Witch Academia: Mahoujikake no Parade,,,,,,,,,,
,Little Witch Academia (TV),,,,,,,,,,
Trigger-chan,,,,,,,,,,,
Death Billiards,Death Parade,,,,,,,,,,
Arve Rezzle: Kikaijikake no Yousei-tachi,,,,,,,,,,,
Ryo,,,,,,,,,,,
Bokura no,Bokura no: Tsuisou,,,,,,,,,,
Angel Beats!,Angel Beats! Specials ,,,,,,,,,,
,Angel Beats!: Another Epilogue,,,,,,,,,,
Uchuu Patrol Luluco,,,,,,,,,,,
Lucky Star,,,,,,,,,,,
Durarara,,,,,,,,,,,
Aldnoah.Zero,Aldnoah.Zero 2nd Season,,,,,,,,,,
,Aldnoah.Zero Extra Archives,,,,,,,,,,
Accel World,Accel World: Acchel World.,,,,,,,,,,
,Accel World EX,,,,,,,,,,
,Accel World: Infinite?Burst,,,,,,,,,,
Shakugan no Shana,Shakugan no Shana II,Shakugan no Shana S,Shakugan no Shana III,,,,,,,,
,Shakugan no Shana-tan,Shakugan no Shana-tan II,Shakugan no Shana-tan S,Shakugan no Shana-tan III : Final Destruction,,,,,,,
,Shakugan no Shana Movie,Shakugan no Shana-tan Movie,,,,,,,,,
,,Shakugan no Shana: Shana & Yuuji no Naze Nani Shana! Nandemo Shitsumonbako!,,,,,,,,,
,Shakugan no Shana: Friagne & Marianne no Naze Nani Shana! Nandemo Shitsumonbako!,Shakugan no Shana: Friagne & Marianne no Naze Nani Shana! Nandemo Shitsumonbako! 2,,,,,,,,,
,,Shakugan no Shana: Friagne & Marianne no Naze Nani Shana! Nandemo Shitsumonbako! Specials,,,,,,,,,
,Shakugan no Shana: Koi to Onsen no Kougai Gakushuu!,,,,,,,,,,
Dengeki Bunko 2007 Movie Festival Special,,,,,,,,,,,
Dr.,Defend Love,,,,,,,,,,
Kimi ga Nozomu Eien,Kimi ga Nozomu Eien: Gundam Parody,,,,,,,,,,
,Kimi ga Nozomu Eien: Ayu Mayu Gekijou,,,,,,,,,,
,Akane Maniax,,,,,,,,,,
,Kimi ga Nozomu Eien: Next Season,,,,,,,,,,
Hello Kitty,,,,,,,,,,,
Doraemon,,,,,,,,,,,
Baccano!,Baccano! Specials,,,,,,,,,,
Black Bullet,Black Bullet: Tenchuu*Girls,,,,,,,,,,
Bokusatsu Tenshi Dokuro-chan,Bokusatsu Tenshi Dokuro-chan 2,,,,,,,,,,
B-Project: Kodou*Ambitious,B-Project: Zecchou*Emotion,,,,,,,,,,
Cencoroll,Cencoroll Connect,Cencoroll 3,,,,,,,,,
Cossette no Shouzou,,,,,,,,,,,
Cuticle Tantei Inaba,,,,,,,,,,,
Darker than Black: Kuro no Keiyakusha,Darker than Black: Kuro no Keiyakusha - Sakura no Hana no Mankai no Shita,,,,,,,,,,
,Darker than Black: Kuro no Keiyakusha Gaiden,Darker than Black: Ryuusei no Gemini,,,,,,,,,
Devil Survivor 2 The Animation,Take Your Way,,,,,,,,,,
Doublebrid,,,,,,,,,,,
Etsusa Oohashi Series,,,,,,,,,,,
Hariyama-san,,,,,,,,,,,
Hataraku Maou-sama,,,,,,,,,,,
Hetalia Axis Powers,"Hetalia Axis Powers Movie: Paint it, White",,,,,,,,,,
,Hetalia Axis Powers Fan Disc,,,,,,,,,,
,Hetalia World Series,Hetalia World Series Specials,,,,,,,,,
,,Hetalia: The Beautiful World,Hetalia: The Beautiful World Specials,,,,,,,,
,,,Hetalia: The Beautiful World Extra Disc,,,,,,,,
,,,Hetalia: The World Twinkle,Hetalia: The World Twinkle Specials,,,,,,,
,,,,Hetalia: The World Twinkle Extra Disc,,,,,,,
Jigoku Shoujo,Jigoku Shoujo Recap,,,,,,,,,,
,Jigoku Shoujo Futakomori,Jigoku Shoujo Mitsuganae,Jigoku Shoujo: Yoi no Togi,,,,,,,,
Kino no Tabi: The Beautiful World - Nanika wo Suru Tame ni - Life Goes On.,Kino no Tabi: The Beautiful World,Kino no Tabi: The Beautiful World - Tou no Kuni - Free Lance,,,,,,,,,
,,Kino no Tabi: The Beautiful World - Byouki no Kuni - For You,,,,,,,,,
,,Kino no Tabi: The Beautiful World - The Animated Series,Kino no Tabi: The Beautiful World - The Animated Series - Haikyo no Kuni - On Your Way,,,,,,,,
Kuroshitsuji,Kuroshitsuji Recap,,,,,,,,,,
,Kuroshitsuji II,Kuroshitsuji II Specials,,,,,,,,,
,Kuroshitsuji: Book of Circus,Kuroshitsuji: Book of Murder,Kuroshitsuji Movie: Book of the Atlantic,,,,,,,,
,"Kuroshitsuji: Sono Shitsuji, Kougyou",,,,,,,,,,
,Kuroshitsuji Picture Drama,,,,,,,,,,
Ladies versus Butlers,Ladies versus Butlers! Specials,,,,,,,,,,
,Ladies versus Butlers! Tokuten Disc Music Clip,,,,,,,,,,
Mahouka Koukou no Rettousei,Mahouka Koukou no Rettousei: Yoku Wakaru Mahouka!,Mahouka Koukou no Rettousei: Yoku Wakaru Mahouka! - Saiseitte Nani?,,,,,,,,,
,Mahouka Koukou no Rettousei: Raihousha-hen,,,,,,,,,,
,Mahouka Koukou no Rettousei Movie: Hoshi wo Yobu Shoujo,,,,,,,,,,
,Mahouka x Mameshiba,,,,,,,,,,
Missing: Kamikakushi no Monogatari,,,,,,,,,,,
Nogizaka Haruka no Himitsu,Nogizaka Haruka no Himitsu: Purezza,Nogizaka Haruka no Himitsu: Finale,,,,,,,,,
Ookami to Koushinryou,Ookami to Koushinryou II: Ookami to Kohakuiro no Yuuutsu,Ookami to Koushinryou II,,,,,,,,,
,,Ookami to Koushinryou II: Holo no Short Anime,,,,,,,,,
,Ookami to Koushinryou VR,Ookami to Koushinryou VR 2,,,,,,,,,
Ore no Imouto ga Konna ni Kawaii Wake ga Nai,Ore no Imouto ga Konnani Kawaii Wake ga Nai Specials,Ore no Imouto ga Konnani Kawaii Wake ga Nai: SD Chara ni Yoru Character Commentary,,,,,,,,,
,,Ore no Imouto ga Konnani Kawaii Wake ga Nai.,Reunion (Music),,,,,,,,
,,,Ore no Imouto ga Konnani Kawaii Wake ga Nai.: SD Chara ni Yoru Short Movie,,,,,,,,
,,,Ore no Imouto ga Konnani Kawaii Wake ga Nai.: Ore no Imouto ga Konnani Eroge na Wake Nai,,,,,,,,
,,,Ore no Imouto ga Konnani Kawaii Wake ga Nai. Specials,,,,,,,,
,Nexus,,,,,,,,,,
Ro-Kyu-Bu,Ro-Kyu-Bu!: Tomoka no Ichigo Sundae,Ro-Kyu-Bu! SS,Ro-Kyu-Bu! SS Recap,,,,,,,,
Samurai Flamenco,,,,,,,,,,,
Seishun Buta Yarou Series,Seishun Buta Yarou wa Bunny Girl Senpai no Yume wo Minai,Seishun Buta Yarou wa Yumemiru Shoujo no Yume wo Minai,,,,,,,,,
,Seishun Buta Yarou wa Bunny Girl Senpai no Yume wo Minai Picture Drama,,,,,,,,,,
Sekai Seifuku ~Bouryaku no Zvezda~,Sekai Seifuku: Bouryaku no Zvezda - Shin Zvezda Daisakusen,,,,,,,,,,
So Ra No Wo To,So Ra No Wo To Specials,,,,,,,,,,
Strike the Blood,Strike the Blood: Valkyria no Oukoku-hen,,,,,,,,,,
,Strike the Blood II,Strike the Blood III,Strike the Blood: Kieta Seisou-hen,,,,,,,,
,,,Strike the Blood IV,,,,,,,,
Sword Art Online,Sword Art Online: Sword Art Offline,,,,,,,,,,
,Sword Art Online: Extra Edition,Sword Art Online: Sword Art Offline - Extra Edition,,,,,,,,,
,,Sword Art Online II,Sword Art Online II: Debriefing,,,,,,,,
,,,Sword Art Online II: Sword Art Offline II,,,,,,,,
,,,Sword Art Online Alternative: Gun Gale Online,Sword Art Online Fatal Bullet: The Third Episode - Pilot-ban,,,,,,,
,,,,Sword Art Online Fatal Bullet: The Third Episode,,,,,,,
,,,,Sword Art Online Alternative: Gun Gale Online - Refrain,,,,,,,
,,,Sword Art Online Movie: Ordinal Scale,Sword Art Online Movie: Ordinal Scale - Sword Art Offline,,,,,,,
,,,,Sword Art Online: Alicization,Sword Art Online: Alicization - Recollection,,,,,,
,,,,,Sword Art Online: Alicization - War of Underworld Reflection,,,,,,
,,,,,Sword Art Online: Alicization - War of Underworld,Sword Art Online: Alicization - War of Underworld Recap,,,,,
,,,,,,Sword Art Online: Alicization - War of Underworld 2nd Season,,,,,
Toaru Majutsu no Index,Toaru Majutsu no Index II,Toaru Majutsu no Index-tan II,,,,,,,,,
,,Toaru Majutsu no Index Movie: Endymion no Kiseki,Toaru Majutsu no Index-tan Movie: Endymion no Kiseki - Ga Attari Nakattari,,,,,,,,
,,Toaru Majutsu no Index III,Toaru Majutsu no Index-tan III,,,,,,,,
,Toaru Majutsu no Index-tan,,,,,,,,,,
,Toaru Kagaku no Railgun,Toaru Kagaku no Railgun: Motto Marutto Railgun,,,,,,,,,
,,Toaru Kagaku no Railgun: Misaka-san wa Ima Chuumoku no Mato Desu kara,,,,,,,,,
,,Toaru Kagaku no Railgun: Entenka no Satsuei Model mo Raku Ja Arimasen wa ne.,,,,,,,,,
,,Toaru Kagaku no Railgun S,Toaru Kagaku no Railgun S: Motto Marutto Railgun,,,,,,,,
,,,Toaru Kagaku no Railgun S: Daiji na Koto wa Zenbu Sentou ni Osowatta,,,,,,,,
,,,Toaru Kagaku no Railgun T,,,,,,,,
,Toaru Kagaku no Accelerator,Toaru Kagaku no Accelerator: Tobidase Ippou-san - Hachamecha Kaishingeki,,,,,,,,,
,Toaru Majutsu no Index 10th Anniversary PV,,,,,,,,,,
Toradora!,Toradora!: SOS! Kuishinbou Banbanzai,,,,,,,,,,
,Toradora! Recap,,,,,,,,,,
,Toradora!: Bentou no Gokui,,,,,,,,,,
Vamp!,,,,,,,,,,,
Yotsubato!,,,,,,,,,,,
Yozakura Quartet,Yozakura Quartet: Hoshi no Umi,,,,,,,,,,
,Yozakura Quartet: Hana no Uta,Yozakura Quartet: Tsuki ni Naku,,,,,,,,,
,,Yozakura Quartet: Yoza-Quar!,,,,,,,,,
Persona,Persona: Trinity Soul,,,,,,,,,,
,Persona 3 the Movie 1: Spring of Birth,Persona 3 the Movie 2: Midsummer Knight's Dream,Persona 3 the Movie 3: Falling Down,Persona 3 the Movie 4: Winter of Rebirth,Persona 3 the Movie Meets “Walkman”,,,,,,
,Persona 4 the Animation,Persona 4 the Animation: No One is Alone,,,,,,,,,
,,Persona 4 the Animation: The Factor of Hope,,,,,,,,,
,,Persona 4 the Golden Animation,,,,,,,,,
,,Persona 4 the Animation: Mr. Experiment Shorts,,,,,,,,,
,,Persona 4 the Animation: A Brief Lesson on Izanagi & Izanami,,,,,,,,,
,Persona 5 the Animation,Persona 5 the Animation: The Day Breakers,,,,,,,,,
,,Persona 5 the Animation TV Specials,Persona 5 the Animation Specials,,,,,,,,
,,Persona 5 the Animation Recap,,,,,,,,,
 Pani Poni Dash! ,,,,,,,,,,,
Guilty Gear ,,,,,,,,,,,
 Angel Tales ,,,,,,,,,,,
 Galaxy Express 999 ,,,,,,,,,,,
Berserk ,,,,,,,,,,,
Pokémon,,,,,,,,,,,
Futari wa Pretty Cure,,,,,,,,,,,
One Piece ,,,,,,,,,,,
 Gigantic Formula ,,,,,,,,,,,
Urusei Yatsura,,,,,,,,,,,
Demashita! Powerpuff Girls Z,,,,,,,,,,,
"Sayonara, Zetsubou-Sensei ",,,,,,,,,,,
The World God Only Knows,,,,,,,,,,,
 Fullmetal Alchemist ,,,,,,,,,,,
Aquarian Age,,,,,,,,,,,
Jojo,,,,,,,,,,,
Macross Frontier ,,,,,,,,,,,
Chihayafuru ,,,,,,,,,,,
 Getter Robo,,,,,,,,,,,
Da Capo ,,,,,,,,,,,
 Code Geass ,,,,,,,,,,,
Detective Conan ,,,,,,,,,,,
Higurashi: When They Cry ,,,,,,,,,,,
Maria-sama ga Miteru ,,,,,,,,,,,
Cat's Eye ,,,,,,,,,,,
Strawberry Panic! ,,,,,,,,,,,
Fate,,,,,,,,,,,
Noein ,,,,,,,,,,,
Black Butler ,,,,,,,,,,,
Rental Magica ,,,,,,,,,,,
 Fist of the North Star ,,,,,,,,,,,
 Attack No. 1 ,,,,,,,,,,,
Galaxy Angel Rune ,,,,,,,,,,,
Kiddy Grade,,,,,,,,,,,
Dragon Ball Z,,,,,,,,,,,
Initial D,,,,,,,,,,,
Munto,,,,,,,,,,,
To Heart,,,,,,,,,,,
Yu-Gi-Oh! ,,,,,,,,,,,
Full Metal Panic! ,,,,,,,,,,,
Crayon Shin-chan ,,,,,,,,,,,
Gunbuster,,,,,,,,,,,
Sgt. Frog,,,,,,,,,,,
Blade of the Immortal ,,,,,,,,,,,
 Azumanga Daioh ,,,,,,,,,,,
SHUFFLE!,,,,,,,,,,,
.hack ,,,,,,,,,,,
Wedding Peach,,,,,,,,,,,
 The Girl Who Leapt Through Time ,,,,,,,,,,,
Cromartie High School,,,,,,,,,,,
Haruhi,,,,,,,,,,,
Haruhi-chan aka: Nyoron Churuya San,,,,,,,,,,,
Mirai Nikki,,,,,,,,,,,
Hell Girl ,,,,,,,,,,,
AIR ,,,,,,,,,,,
Kanon,,,,,,,,,,,
Mameshiba,Mameshiba Gakuen,,,,,,,,,,
,Tanahashi Hiroshi X Mameshiba Pro Wrestling,,,,,,,,,,
,Babyshiba,,,,,,,,,,
,Bic Contact X Mameshiba Collab CM,,,,,,,,,,
,Mameshi-Pamyu-Pamyu,,,,,,,,,,
,Mameshiba Bangai-hen,,,,,,,,,,
,Mameshiba the DVD Green Pea-shiba no Kutsujoku,,,,,,,,,,
Heavy Object,Dear Brave,,,,,,,,,,
,Heavy Object: Dai 37 Kidou Seihi Daitai - Sakusen Kiroku,,,,,,,,,,
Inukami!,Inukami! The Movie: Tokumei Reiteki Sousakan Karina Shirou!,,,,,,,,,,
Gintama,Gintama Movie 1: Shinyaku Benizakura-hen,Gintama: Shinyaku Benizakura-hen,,,,,,,,,
,Gintama Movie 2: Kanketsu-hen - Yorozuya yo Eien Nare,Gintama x Mameshiba,,,,,,,,,
,Gintama: Nanigoto mo Saiyo ga Kanjin nano de Tasho Senobisuru Kurai ga Choudoyoi,Gintama: Shiroyasha Koutan,,,,,,,,,
,Gintama: Dai Hanseikai,,,,,,,,,,
,Gintama: Yorinuki Gintama-san on Theater 2D,,,,,,,,,,
,China KFC x Gintama,,,,,,,,,,
,Gintama: Monster Strike-hen,,,,,,,,,,
,Gintama',Gintama': Enchousen,Gintama': Futon ni Haitte kara Buki Nokoshi ni Kizuite Neru ni Nerenai Toki mo Aru,,,,,,,,
,,,Gintama°,Gintama°: Aizome Kaori-hen,,,,,,,
,,,,Gintama°: Umai-mono wa Atomawashi ni Suru to Yokodorisareru kara Yappari Saki ni Kue,,,,,,,
,,,,Gintama.,Gintama.: Porori-hen,Nissin Cup Noodles China x Gintama,,,,,
,,,,,,Gintama.: Shirogane no Tamashii-hen,Gintama.: Shirogane no Tamashii-hen - Kouhan-sen,,,,
Inazuma Eleven,Inazuma Eleven Go,Inazuma Eleven Go vs. Danball Senki W Movie,InaDan Movie x Mameshiba Collab CM,,,,,,,,
,,Inazuma Eleven Go: Kyuukyoku no Kizuna Gryphon,,,,,,,,,
,,Inazuma Eleven Go: Tokubetsu-hen,,,,,,,,,
,,Inazuma Eleven Go: Chrono Stone,Inazuma Eleven Go: Galaxy,,,,,,,,
,Inazuma Eleven: Saikyou Gundan Ogre Shuurai,,,,,,,,,,
,Inazuma Eleven: Chou Jigen Dream Match,,,,,,,,,,
,Inazuma Eleven x Kaitou Gru no Tsuki Dorobou,,,,,,,,,,
,Inazuma Eleven: Reloaded - Soccer no Henkaku,Inazuma Eleven: Ares no Tenbin,Inazuma Eleven: Outer Code,,,,,,,,
,,,Inazuma Eleven: Orion no Kokuin,,,,,,,,
Danball Senki,Danball Senki W,Danball Senki Wars,Danball Senki Wars: All Star Battle,,,,,,,,
,,,Soukou Musume Senki,,,,,,,,
Gaist Crusher,Mameshiba x Gaist Crusher Collab CM,,,,,,,,,,
Mofu?Mofu,Mame-Mofu Collab Animation,,,,,,,,,,
Donten ni Warau,"Ippun de Wakaru Eiga ""Donten ni Warau"" Kaisetsu Yokoku",Donten ni Warau x Mameshiba,,,,,,,,,
,,DC Super Heroes vs Taka no Tsume-dan,Taka no Tsume: Tokyo Comic Con 2017 no Ouen-dan ni Shuunin Kettei!,,,,,,,,
,,,Alphard x Taka no Tsume,,,,,,,,
,,,DC Super Heroes vs Taka no Tsume-dan Promotion Eizou,,,,,,,,
,,,Sukoyaka Oyako 21 x Taka no Tsume-dan,,,,,,,,
,,,Himitsukessha Taka no Tsume GG,Ryuu ga Gotoku Online x Taka no Tsume,,,,,,,
,,,,"Taka no Tsume-dan Yoshida Presents ""Sengoku Taiga"" no Susume",,,,,,,
,,,,Taka no Tsume x Johnson: Tatakae! Jokin Shitennou,,,,,,,
,,,,Taka no Tsume-dan x Uchicomi!,,,,,,,
,,,,Taka no Tsume-dan no Ike! ODAman,,,,,,,
,,,,Inunaki-mura x Taka no Tsume-dan,,,,,,,
,"Donten ni Warau Gaiden: Ketsubetsu, Yamainu no Chikai","Donten ni Warau Gaiden: Shukumei, Soutou no Fuuma","Donten ni Warau Gaiden: Ouka, Tenbou no Kakehashi",,,,,,,,
Fairy Tail,Fairy Tail x Mameshiba,,,,,,,,,,
,Fairy Tail OVA,,,,,,,,,,
,Fairy Tail Movie 1: Houou no Miko - Hajimari no Asa,Fairy Tail Movie 1: Houou no Miko,,,,,,,,,
,Towa no Kizuna,,,,,,,,,,
,Fairy Tail (2014),Fairy Tail Movie 2: Dragon Cry,,,,,,,,,
,,Fairy Tail OVA (2016),,,,,,,,,
,,Fairy Tail: Final Series,,,,,,,,,
Nanatsu no Taizai,Nanatsu no Taizai: Seisen no Shirushi,Nanatsu no Taizai: Imashime no Fukkatsu,Nanatsu no Taizai: Kamigami no Gekirin,Mameshiba x Nanatsu no Taizai,,,,,,,
,,,Nanatsu no Taizai Movie: Tenkuu no Torawarebito,,,,,,,,
,,,Nanatsu no Taizai: Eiyuu-tachi wa Hashagu,,,,,,,,
,Nanatsu no Taizai OVA,,,,,,,,,,
,Nanatsu no Taizai: Imashime no Fukkatsu Joshou,,,,,,,,,,
Groove Adventure Rave,Fairy Tail x Rave,,,,,,,,,,
Batman: Gotham Knight,Ninja Batman,Ninja Batman x Poputepipikku Kindan no Collab CM,,,,,,,,,
Kaette Kite yoo Toyama kara,"Taka no Tsume-dan, Toyama",,,,,,,,,,
,Kitty-chan wo Sagase! Toyama-shi Stamp Rally,,,,,,,,,,
Taka no Tsume NEO Announcement Movie,BraFro x Taka no Tsume: Brave Funding Prologue,,,,,,,,,,
Peeping Life,Peeping Life x I-O Data: Quiz!! Input Output,I-O Data x Taka no Tsume,,,,,,,,,
,Peeping Life Specials,,,,,,,,,,
,Momoya x Peeping Life: Go en Desu yo!,Momoya x Peeping Life: Go en Desu yo! II,,,,,,,,,
,,Momoya Norihei Anime CM,,,,,,,,,
,Peeping Life: Shinkon-chan Kansai ni Irasshai,,,,,,,,,,
,Peeping Life: YouTuber-kun,,,,,,,,,,
,Beppu x Peeping Life,,,,,,,,,,
,JU Chuuko Jidousha Hanbaishi x Peeping Life,,,,,,,,,,
,Peeping Life TV: Season 1??,,,,,,,,,,
,Takemoto Denki x Peeping Life,,,,,,,,,,
,Peeping Life x Kaijuu Sakaba Kaiji: Kaijuu-tachi ga Iru Tokoro,,,,,,,,,,
,Peeping Life x Kids Station,,,,,,,,,,
,"Satto Anshin, SAT x Peeping Life",,,,,,,,,,
,Peeping Life: The Perfect Emotion,Peeping Life: The Perfect Emotion Special,,,,,,,,,
,,Peeping Life: Gekijou Original-ban,,,,,,,,,
,,Peeping Life: The Perfect Evolution,Peeping Life: The Perfect Evolution Specials,,,,,,,,
,,,PS3® no Tsukai Kata: feat.Peeping Life,,,,,,,,
,,,Peeping Life: The Perfect Extension,Peeping Life: TV Asahi Josei Announcer Collab,,,,,,,
,,,,Peeping Life x Kids Station,,,,,,,
,,,,Peeping Life 5.0ch,Peeping Life: The Perfect Explosion,Peeping Life: The Perfect Explosion Specials,Peeping Life: Tezuka Pro - Tatsunoko Pro Wonderland,Peeping Life: Tezuka Pro - Tatsunoko Pro Wonderland ONA,,,
,,,,,,,,Tatsunoko Pro x Peeping Life,,,
,,,,,,Peeping Life: World History,,,,,
Cofun Gal no Coffy,Cofun Gal no Coffy (TV),Cofun Gal no Coffy (TV) Specials,,,,,,,,,
,,Cofun Gal no Coffy: Okehazama no Tatakai,,,,,,,,,
,,Cofun Gal no Coffy: Juuninin to Ikareru Cofun-tachi,,,,,,,,,
,,Cofun Gal no Coffy (TV): Christmas Daisakusen,,,,,,,,,
,,Cofun Gal no Coffy Campus Life,Cofun Gal no Coffy: Cofunderella,,,,,,,,
,,,Cofun Gal no Coffy Campus Life Specials,,,,,,,,
,,,Cofun Gal no Coffy Campus Life: Intro,,,,,,,,
Monster Strike The Movie: Hajimari no Basho e,Monster Strike: Rain of Memories,,,,,,,,,,
,Monster Strike,Hanasaku Kizuna no Romantan,,,,,,,,,
,,Monster Strike: Zoku Saishuu-banashi - Pandora no Hako,Monsuto Anime: Katsubou no Hate no Risoukyou,Monsuto Anime,"Mon-Soni!: Senritsu no Lucifer, Tada Hitotsu no Hajimari no Uta",,,,,,
,,,,,Monsuto Anime: Kieyuku Uchuu-hen,4 Shuunen Monst? Shiru ka yo!,,,,,
,,,,,,Monster Strike The Animation Episode 0,Monster Strike The Animation,Monster Strike the Movie: Sora no Kanata,,,
SKET Dance,SKET Dance: Tettei Bunseki Special,,,,,,,,,,
,SKET Dance: Imouto no Nayami ni Nayamu Ani ni Nayamu Imouto to Sono Nakama-tachi,,,,,,,,,,
,SKET Dance: SD Character Flash Anime,,,,,,,,,,
Akuma no Kimuraa-hen,Samurai Noodles: The Originator,,,,,,,,,,
Kemono Friends,Nissin no Donbei x Kemono Friends,,,,,,,,,,
,Kemono Friends 2,,,,,,,,,,
,Kemono Friends: Bus-teki,,,,,,,,,,
,Uma no Friends,,,,,,,,,,
,Anisama,,,,,,,,,,
,Youkoso Japari Park,,,,,,,,,,
,Chokotto Anime Kemono Friends 3,,,,,,,,,,
Himote House,Nissin Men-nashi Donbei x Himote House,,,,,,,,,,
,Himote House: Dai Panic! Minna de Gokuburi Taiji,,,,,,,,,,
Kemurikusa,Kemurikusa (2018),Kemurikusa (TV),Donbei x Kemurikusa,,,,,,,,
Pop Team Epic,Poputepipikku TV Special,,,,,,,,,,
,Poputepipikku Specials,Bobunemimimmi Specials,,,,,,,,,
,Poputepipikku Kinen,,,,,,,,,,
Kaijuu Sakaba Kanpai!,Tapuri Card x Kaijuu Sakaba Kanpai: Kanegon no Shuchou,,,,,,,,,,
,Kaijuu Sakaba Kanpai! Specials,,,,,,,,,,
Time Bokan,Time Bokan Series: Yatterman,Yatterman,Yatterman the Movie: Shin Yattermecha Osu Gou! Omocha no Kuni de Dai Ketsudan da Koron,,,,,,,,
,,,Yatterman Specials,,,,,,,,
,,,Believe,,,,,,,,
,,,Yoru no Yatterman,,,,,,,,
,,,Yatterman x Toshiba,,,,,,,,
,,Good Morning!!! Doronjo,,,,,,,,,
,Time Bokan Series: Yattodetaman,,,,,,,,,,
,Time Bokan Oudou Fukko,,,,,,,,,,
,Time Bokan Series: Itadakiman,,,,,,,,,,
,Time Bokan 2000: Kaitou Kiramekiman,,,,,,,,,,
,Time Bokan Series: Zenderman,,,,,,,,,,
,Time Bokan Series: Gyakuten Ippatsuman,,,,,,,,,,
,Time Bokan Series: Time Patroltai Otasukeman,,,,,,,,,,
,Time Bokan 24,Gekiyaba?Bokkan!!,,,,,,,,,
,,Time Bokan: Gyakushuu no San Akunin,,,,,,,,,
BNA,,,,,,,,,,,
